seed,origin,出典
二世帯墓,1周目（seed SERP・KWP前）：SERP専門語『二世帯墓』,両家墓の別名。費用・建て方を調べる層
個人墓 費用,1周目（seed SERP・KWP前）：SERP専門語『個人墓』,一人用の業界語
樹木葬 一人,1周目（seed SERP・KWP前）：SERP専門語『ひとり樹木葬』,一人で入る樹木葬
集合墓,1周目（seed SERP・KWP前）：SERP専門語『集合墓』,合祀と個別の中間の型
樹木葬 個別型,1周目（seed SERP・KWP前）：SERP専門語『個別埋葬型』,樹木葬の個別型/集合型/合祀型
樹木葬 集合型,1周目（seed SERP・KWP前）：SERP専門語『集合型樹木葬』,同上
樹木葬 合祀型,1周目（seed SERP・KWP前）：SERP専門語『合祀型樹木葬』,同上
樹木葬 合祀なし,1周目（seed SERP・KWP前）：SERP専門語『樹木葬 合祀なし』,合祀を避けたい
合葬しない お墓,1周目（seed SERP・KWP前）：SERP専門語『合葬しない』,合葬を避けたい
合葬式墓所,1周目（seed SERP・KWP前）：SERP専門語『合葬式墓所』,公営の合葬墓の呼び方
合同墓,1周目（seed SERP・KWP前）：SERP専門語『合同墓』,合葬墓の別名
家族墓 永代供養,1周目（seed SERP・KWP前）：SERP専門語『家族墓 永代供養』,家族で入れる永代供養
公園墓地,1周目（seed SERP・KWP前）：SERP専門語『公園墓地』,民営霊園の形態
庭園墓地,1周目（seed SERP・KWP前）：SERP専門語『庭園墓地』,同上
ガーデニング霊園,1周目（seed SERP・KWP前）：SERP専門語『ガーデニング霊園』,洋風の霊園形態
ガーデニング型 樹木葬,1周目（seed SERP・KWP前）：SERP専門語『ガーデニング型樹木葬』,樹木葬の型
レンタル墓,1周目（seed SERP・KWP前）：SERP専門語『レンタル墓』,期限付きの墓
期限付き 墓地,1周目（seed SERP・KWP前）：SERP専門語『期限付き墓地』,一定期間後に合祀する墓
機械式 納骨堂,1周目（seed SERP・KWP前）：SERP専門語『機械式納骨堂』,自動搬送式の別名
位牌式 納骨堂,1周目（seed SERP・KWP前）：SERP専門語『位牌式納骨堂』,納骨堂の型
仏壇型 納骨堂,1周目（seed SERP・KWP前）：SERP専門語『仏壇型納骨堂』,納骨堂の型
室内霊園,1周目（seed SERP・KWP前）：SERP専門語『室内霊園』,屋内墓の別名
駅近 霊園,1周目（seed SERP・KWP前）：SERP専門語『駅近霊園』,アクセス条件
ペット共葬,1周目（seed SERP・KWP前）：SERP専門語『ペット共葬』,ペットと入れる墓の業界語
ペット共葬可 霊園,1周目（seed SERP・KWP前）：SERP専門語『ペット共葬可』,同上（霊園の条件表記）
檀家義務なし,1周目（seed SERP・KWP前）：SERP専門語『檀家義務なし』,寺院墓地の入会条件
宗教自由 霊園,1周目（seed SERP・KWP前）：SERP専門語『宗教自由』,宗派不問の別表記
無宗教 お墓,1周目（seed SERP・KWP前）：SERP専門語『無宗教』,宗教なしで入れる墓
永代使用権,1周目（seed SERP・KWP前）：SERP専門語『永代使用権』,墓地の権利。購入時に調べる
墓地使用料,1周目（seed SERP・KWP前）：SERP専門語『墓地使用料』,永代使用料の別名
建墓費用,1周目（seed SERP・KWP前）：SERP専門語『建墓費用』,建てる費用の業界語
墓石セット 価格,1周目（seed SERP・KWP前）：SERP専門語『墓石セット』,墓石＋工事のセット価格（加工ではなく購入）
墓地代,1周目（seed SERP・KWP前）：SERP専門語『墓地代』,墓地の費用の口語
メモリアルローン,1周目（seed SERP・KWP前）：SERP専門語『メモリアルローン』,お墓用ローンの業界語
お墓 相見積もり,1周目（seed SERP・KWP前）：SERP専門語『相見積もり』,比較の行動語
維持費がかからない お墓,1周目（seed SERP・KWP前）：SERP専門語『維持費がかからないお墓』,PAAに繰り返し出現
一番安い お墓,1周目（seed SERP・KWP前）：SERP専門語『一番安いお墓』,『一番お金がかからないお墓はどれですか？』
永代供養 一人 費用,1周目（seed SERP・KWP前）：SERP専門語『一人あたり永代供養費用』,人数単位の費用
永代供養 安置期間,1周目（seed SERP・KWP前）：SERP専門語『安置期間』,合祀までの期間の業界語
樹木葬 期限,1周目（seed SERP・KWP前）：SERP専門語『樹木葬 期限』,満期の確認
樹木葬 満期,1周目（seed SERP・KWP前）：SERP専門語『樹木葬 満期』,同上
永代供養 期間,1周目（seed SERP・KWP前）：SERP専門語『永代供養 期間』,何年供養されるか
納骨人数,1周目（seed SERP・KWP前）：SERP専門語『納骨人数』,何人入れるか
納骨堂 何人まで,1周目（seed SERP・KWP前）：SERP専門語『納骨堂 何体まで』,人数の確認
霊園 募集区画,1周目（seed SERP・KWP前）：SERP専門語『募集区画』,空き区画の言い方
霊園 新区画,1周目（seed SERP・KWP前）：SERP専門語『新区画』,新しく売り出す区画
公営霊園 落選,1周目（seed SERP・KWP前）：SERP専門語『公営霊園 落選』,落選後の納骨先探し
公営霊園 倍率,1周目（seed SERP・KWP前）：SERP専門語『公営霊園 倍率』,落選見込み→民営も検討
お墓 短納期,1周目（seed SERP・KWP前）：SERP専門語『短納期』,急ぎの建墓
納骨 四十九日 間に合わない,1周目（seed SERP・KWP前）：SERP専門語『納骨 四十九日前』,期限に間に合わない人
お墓 相続税 非課税,1周目（seed SERP・KWP前）：SERP専門語『祭祀財産』,生前購入の動機
生前墓 税金,1周目（seed SERP・KWP前）：SERP専門語『生前墓 税金』,同上
祭祀承継者 いない,1周目（seed SERP・KWP前）：SERP専門語『祭祀承継者』,承継者がいない人の法律用語
夫の墓に入りたくない,1周目（seed SERP・KWP前）：SERP専門語『夫の墓に入りたくない』,自分用の墓を探す層（競合が拾いにくい）
次男 お墓,1周目（seed SERP・KWP前）：SERP専門語『次男 墓』,実家の墓に入れず新しく買う層
分家 お墓,1周目（seed SERP・KWP前）：SERP専門語『分家 墓』,新しく墓を建てる立場
嫁いだ娘 お墓,1周目（seed SERP・KWP前）：SERP専門語『嫁いだ娘 実家の墓』,入る墓がない女性
終活 お墓 選び方,1周目（seed SERP・KWP前）：SERP専門語『終活 お墓』,終活中の墓選び
浄土真宗 永代供養,1周目（seed SERP・KWP前）：SERP専門語『浄土真宗 永代供養』,宗派別の永代供養
神道 永代供養,1周目（seed SERP・KWP前）：SERP専門語『永代供養 神道』,宗派別
お墓探し サイト,1周目（seed SERP・KWP前）：SERP専門語『お墓探し サイト』,比較サイトを探す＝比較直前
