seed,観点,出典,ねらい,既存区分,既存の根拠,備考
永代供養付き樹木葬,墓種×承継,広告主LP（事例：樹木葬）,承継不要と自然葬を両方満たす具体墓種,新規,,
合葬墓 費用,合祀・費用,業界語,合祀を選ぶ人は費用重視で候補比較に近い,既存,KWプール(out/final) / KWプール(out/pool) / 既存925,
合祀墓 個別墓 違い,合祀・個別安置,業界語,合祀か個別かで迷う＝墓種選択の直前,新規,,
樹木葬 個別埋葬 期間,個別安置・安置期間,既存LP（樹木葬費用）,個別で何年置けるかは契約条件そのもの,新規,,
永代供養 三十三回忌 合祀,安置期間,業界語,合祀までの年数を比べる人＝契約前,新規,,
納骨堂 ロッカー式 費用,墓種・費用,既存LP（納骨堂費用）,納骨堂のタイプ別費用,新規,,
自動搬送式 納骨堂,墓種（業界語）,業界語,施設方式名で探す＝具体的に比較中,既存,KWプール(out/final) / KWプール(out/pool),
屋内墓苑,墓種（業界語）,広告主LP（屋内施設）,納骨堂の言い換え。競合が拾いにくい,既存,KWプール(out/final) / KWプール(out/pool),
室内墓所,墓種（業界語）,業界語,同上の別表記,既存,KWプール(out/final) / KWプール(out/pool),
夫婦墓,家族構成：夫婦,広告主LP（夫婦だけで入れる）,夫婦だけで入るお墓を探す,既存,KWプール(out/final) / KWプール(out/pool) / 既存925,
両家墓,家族構成,業界語,両家をまとめる新しいお墓の検討,新規,,
一人用 お墓,家族構成：独身,広告主LP（一人で入れる）,おひとりさま需要,新規,,
おひとりさま 永代供養,家族構成：独身,業界語,独身・単身者の墓探し,新規,,
子供に迷惑をかけない お墓,承継・悩み,広告主LP（子どもに負担を残したくない）,悩み語から墓種選択へ,既存（表記ゆれ）,KWプール(out/final):子供に迷惑かけない お墓 / KWプール(out/pool):子供に迷惑かけない お墓,
墓守 いない,承継（業界語）,業界語,「跡継ぎ」と別の言い方,新規,,
承継者 いない 永代供養,承継,広告主LP（継承者がいない方）,承継不安→永代供養,既存,KWプール(out/final) / KWプール(out/pool),
生前墓,生前購入,業界語,寿陵の一般向け言い換え,既存,KWプール(out/final) / KWプール(out/pool) / 既存925,
寿陵,生前購入（業界語）,業界語,生前に建てる墓の専門語,既存,10/01具体条件 / KWプール(out/final) / KWプール(out/pool),
お墓 生前購入 メリット,生前購入,既存LP（お墓購入）,生前購入を検討中,新規,,
永代使用料,費用（業界語）,業界語,墓地の費用内訳の専門語。購入検討者が調べる,新規,,
墓石 なし お墓,墓種・費用,業界語,墓石を建てない選択肢,新規,,
お墓 年間管理費 相場,管理費,既存LP（お墓費用）,維持費比較,新規,,
管理費 一括払い お墓,管理費,業界語,年間管理費を前払いする契約形態,新規,,
永代管理料,管理費（業界語）,業界語,管理費一括の専門語,新規,,
お墓 維持費 比較,維持費,広告主LP（維持費を横並び比較）,広告主の訴求そのもの,新規,,
宗旨宗派不問 霊園,宗旨宗派,業界語,霊園の入会条件,既存,9/30追加調査,
檀家にならない お墓,檀家,業界語,寺院墓地を避けたい人,既存,10/01具体条件,
寺院墓地 檀家 不要,檀家,業界語,寺院墓地でも檀家不要な所を探す,新規,,
民営霊園 公営霊園 違い,霊園の種類,既存LP（墓地と霊園の違い）,運営主体で選ぶ直前,新規,,
公営霊園 抽選 落ちた,利用条件,業界語,公営に落ちて次を探す＝高い購入意図,新規,,
公営霊園 申込資格 遺骨,利用条件・遺骨の有無,業界語,公営は遺骨が必要→生前は民営へ,新規,,
遺骨がなくても買える お墓,遺骨の有無・生前購入,業界語,生前購入可否の条件,新規,,
お墓 四十九日 間に合う,納期,広告主LP（事例：四十九日に間に合う）,期限付きで急いで探す＝CV直前,新規,,
建墓 期間,納期（業界語）,広告主LP（建墓まで2〜3か月）,建てるまでの期間を調べる,新規,,
一周忌 までに お墓,納期,業界語,期限付きの墓探し,既存（表記ゆれ）,KWプール(out/final):一 周忌 お 墓 / KWプール(out/final):一 周忌 墓 / KWプール(out/pool):一 周忌 お 墓,
空き区画 霊園,区画,広告主LP（最新の空き区画）,広告主の独自訴求,新規,,
霊園 区画 広さ 費用,区画・費用,業界語,区画サイズで費用比較,新規,,
ペット と 一緒に 入れる お墓,属性：ペット,業界語,条件付きの墓探し,新規,,
樹木葬 何人 入れる,埋葬人数,業界語,家族で入れるかの確認＝契約条件,新規,,
納骨堂 何柱,埋葬人数（業界語）,業界語,「柱」は業界の数え方,新規,,
分骨 納骨先,遺骨,業界語,分骨後の納骨先を探す,既存,KWプール(out/final) / KWプール(out/pool),
改葬 受け入れ 霊園,墓じまい後の納骨先（保留）,広告主LP（墓じまい＋新しい納骨先）,墓じまい後に新しいお墓を探す。墓じまいサービス探しとは区別が必要,新規,,墓じまい関連：お墓選びの条件として使われているか要確認（保留枠）
実家の墓 遠い,悩み：遠方,広告主LP（事例：片道2時間）,通いやすい墓へ移したい,既存（表記ゆれ）,KWプール(out/final):実家 の お 墓 が 遠い / KWプール(out/pool):実家 の お 墓 が 遠い / KWプール(out/pool):実家のお墓が遠い,
お墓 見学 チェックポイント,行動：見学,広告主LP（見学の流れ）,見学段階＝比較検討中,新規,,
バリアフリー 霊園,利用条件,業界語,高齢者・車いすで通える霊園,新規,,
駅近 納骨堂,利用条件,広告主LP（駅近の最新納骨堂）,アクセス条件で探す,既存,9/30追加調査,
送迎バス 霊園,利用条件,業界語,車がない人の霊園探し,既存（表記ゆれ）,9/30追加調査:霊園 送迎 バス,
お墓 ローン,費用条件,業界語,分割払いを調べる＝購入直前,新規,,
お墓 見積もり 内訳,費用,広告主LP（見積もり比較）,広告主のコア,新規,,
墓じまい 不要 お墓,墓じまい負担（保留）,依頼書の例,将来墓じまい不要な墓を探す意図か要確認,新規,,墓じまい関連：お墓選びの条件として使われているか要確認（保留枠）
