周,keyword,既存区分,観測面,取得日時,上位1〜3位,上位10件の構成（自動の目安）,関連する質問,関連検索,Googleサジェスト,検索意図,CV距離,出稿候補,判定理由
1周目（seed SERP・KWP前）,永代供養付き樹木葬,新規,Yahoo! JAPAN（Google検索エンジン）,2026-10-01 01:35,比較・費用・選び方:後悔しないお墓選び、樹木葬と永代供養の違いと注意点を . / 比較・費用・選び方:樹木葬と永代供養の違いとは？メリット・デメリットと後悔  / 比較・費用・選び方:永代供養付きの樹木葬  費用やおすすめな方の特徴 - 心,比較・費用・選び方7 霊園・墓の紹介1 意味解説1,樹木葬の欠点は何ですか？ / 樹木葬の永代供養の費用は？ / 樹木葬は何年までできますか？ / 樹木葬と永代供養の違いは何ですか？,樹木葬 納骨 / 樹木葬 墓 / 樹木葬費用 / 樹木葬 合祀なし / お墓樹木葬,永代供養付き樹木葬 / 永代供養付き樹木葬霊園 / 永代供養付き樹木葬霊園千年オリーブの森 堺・和泉 写真 / 永代供養付き樹木葬霊園千年オリーブの森 堺・和泉 / 永代供養付き樹木葬霊園千年オリーブの森 堺・和泉 和泉市 / 永代供養付き樹木葬墓苑 リーフログ溝の口 / 永代供養付き樹木葬墓苑 リーフログ磐田 磐田市 / 永代供養付き樹木葬霊園千年オリーブの森 堺・和泉 和泉市 写真 / 永代供養付き樹木葬墓苑 リーフログ船堀 江戸川区 レビュー / 永代供養付き樹木葬墓苑 リーフログ戸田 戸田市 レビュー,承継不要の樹木葬を比べる,A,候補,上位7件が費用・違い・注意点の比較。関連に「樹木葬 合祀なし」
1周目（seed SERP・KWP前）,合葬墓 費用,既存,Yahoo! JAPAN（Google検索エンジン）,2026-10-01 01:35,比較・費用・選び方:初心者のための合葬墓（がっそうぼ）入門：費用からメリット / 比較・費用・選び方:合祀墓の費用相場はいくら？1名あたりの費用と追加費用を解 / 比較・費用・選び方:合祀墓の費用はいくら？墓じまい・個別納骨ありの相場や内訳,比較・費用・選び方7 マナー・儀礼1 その他1,合葬墓のデメリットは？ / 一番お金のかからない埋葬方法はありますか？ / 跡継ぎがいない墓の永代供養費用はいくらですか？ / 永代供養は何年してくれるの？,合葬式墓所 / 直葬 墓なし / お墓 埋葬 / お墓墓じまい費用 / 合葬式墓地 公営 / 家族墓 永代供養 / 直葬 納骨 / お墓 改葬,合葬墓 費用 / 八柱霊園 合葬墓 費用 / 小平霊園 合葬墓 費用 / 桜木霊園 合葬墓 費用,合葬墓の費用を知りたい,B,候補,上位は費用相場。関連質問に「一番お金のかからない埋葬方法」
1周目（seed SERP・KWP前）,合祀墓 個別墓 違い,新規,Yahoo! JAPAN（Google検索エンジン）,2026-10-01 01:35,比較・費用・選び方:合祀と個別供養の違い、ご存知ですか？ | 【公式】天空陵 / 比較・費用・選び方:合祀墓とは？合祀の意味や費用、合葬墓との違い、永代供養と / 比較・費用・選び方:合祀型の樹木葬とは？ 集合型・個別型との違いやメリット ,比較・費用・選び方4 霊園・墓の紹介3 Q&A1 意味解説1,合祀墓のデメリットは？ / 合祀墓の費用はいくらですか？ / 納骨堂は合祀しないのですか？ / 一番お金がかからないお墓はどれですか？,合同墓 浄土真宗 / 合葬墓 納骨 / 合祀墓地 神奈川,,合祀か個別かを決めたい,B,候補,墓種選択の直前。型の比較記事中心
1周目（seed SERP・KWP前）,樹木葬 個別埋葬 期間,新規,Yahoo! JAPAN（Google検索エンジン）,2026-10-01 01:35,比較・費用・選び方:樹木葬の期限は定められている？特徴やメリット・デメリット / 比較・費用・選び方:樹木葬と永代供養の違い・特徴の差をわかりやすく比較 / 霊園・墓の紹介:樹木葬は合祀だけじゃない｜遺骨を個別埋葬するタイプもある,比較・費用・選び方6 霊園・墓の紹介3,樹木葬は最終的にどうなるの？ / 樹木葬の欠点は何ですか？ / 樹木葬の平均金額はいくらですか？ / 樹木葬の永代供養期間は？,樹木葬 金額 / 樹木葬 管理費 / 樹木葬 やり方 / 樹木葬 後悔 / 樹木葬 メリット / 樹木葬デメリット / 樹木葬 何人まで,,個別に置ける年数を確認,B,候補,期限・満期後の扱いが中心＝契約条件の確認
1周目（seed SERP・KWP前）,永代供養 三十三回忌 合祀,新規,Yahoo! JAPAN（Google検索エンジン）,2026-10-01 01:35,霊園・墓の紹介:永代供養の期間はいつまで？期限はある？よくある疑問を解説 / Q&A:永代供養について質問します三十三回忌をもち合祀墓になると / その他:合祀のタイミングは選べる？回忌との関係を解説します,霊園・墓の紹介4 比較・費用・選び方3 Q&A1 その他1,33回忌以降の永代供養はどうなりますか? / 納骨堂を合祀しないのはなぜですか? / 永代供養したら、お墓はどうなりますか? / 合祀と永代供養の違いは何ですか?,永代供養 一周忌 / 永代供養 浄土真宗 / 永代供養 散骨 / 永代供養 仏壇は / 永代供養したら仏壇は? / 永代供養 納骨堂 / 浄土真宗 永代供養料,,合祀までの年数を確認,B,保留,知恵袋・回忌の解説が混ざる。単体より『永代供養 期間』で再確認
1周目（seed SERP・KWP前）,納骨堂 ロッカー式 費用,新規,Yahoo! JAPAN（Google検索エンジン）,2026-10-01 01:35,比較・費用・選び方:ロッカー式納骨堂の価格は？メリット・デメリットも解説！ / 比較・費用・選び方:ロッカー式納骨堂とは？価格相場やメリット・デメリット / 比較・費用・選び方:納骨堂の費用の相場はいくら？ロッカー型・仏壇型などの .,比較・費用・選び方9,ロッカー式の納骨堂の費用はいくらですか？ / 納骨堂の平均的な費用はいくらですか？ / 一番お金がかからない納骨方法は？ / 納骨堂の年間維持費はいくらですか？,納骨堂 安い / 納骨堂 お参りの仕方 / 納骨堂 期間 / 納骨堂から自宅へ / 納骨堂 建設費用 / 納骨堂 大阪市,,ロッカー式の価格を比べる,A,候補,上位9件すべて費用・相場
1周目（seed SERP・KWP前）,自動搬送式 納骨堂,既存,Yahoo! JAPAN（Google検索エンジン）,2026-10-01 01:35,比較・費用・選び方:自動搬送式納骨堂とは？特徴や費用相場、メリット・デメリッ / 比較・費用・選び方:自動搬送式納骨堂とは？機械式のお墓の費用相場と特徴を紹介 / 霊園・墓の紹介:一行院 千日谷淨苑【自動搬送式納骨堂紹介】 - YouT,比較・費用・選び方4 霊園・墓の紹介4 意味解説1,自動搬送式納骨堂のデメリットは？ / 自動搬送式納骨堂の費用はいくらですか？ / 自動搬送式納骨堂とはどんなものでしょうか？ / 一番お金がかからない納骨方法は？,自動搬送式納骨堂 東京 / 自動搬送式納骨堂 埼玉,自動搬送式 納骨堂 / 自動搬送式 納骨堂 埼玉 / 自動搬送式 納骨堂メーカー / 自動搬送式 納骨堂 東京 / 自動搬送式 納骨堂デメリット / 自動搬送式 納骨堂 神奈川 / 自動搬送式 納骨堂 千葉,自動搬送式の費用・特徴を比べる,A,候補,費用相場と施設紹介。関連は地名付き（東京・埼玉）
1周目（seed SERP・KWP前）,屋内墓苑,既存,Yahoo! JAPAN（Google検索エンジン）,2026-10-01 01:36,霊園・墓の紹介:納骨堂は屋内墓苑 - お仏壇のはせがわ / 霊園・墓の紹介:東京都の霊園・墓地《室内にある》 47件 - いいお墓 / 霊園・墓の紹介:東京都の納骨堂・屋内墓 - 美郷石材,霊園・墓の紹介5 比較・費用・選び方3 意味解説1,屋内墓苑とは何ですか？ / 室内墓のデメリットは？ / 墓じまいを後悔する理由は何ですか？ / 家の庭に骨を埋めるのは違法ですか？,屋内墓苑 月の廟庭 / はせがわ 屋内墓苑,屋内墓苑 / 屋内墓苑 小石川墓陵 / 屋内墓苑 月の廟庭 / 屋内墓苑 熱田の杜 最勝殿 / 屋内墓苑 新宿御苑前聖陵 / 屋内墓苑 東京 / 屋内墓苑 伝燈院 赤坂浄苑 / はせがわ 屋内墓苑 / 横浜さくら御廟(屋内墓苑) / 横浜さくら御廟(屋内墓苑) 写真,屋内のお墓を探す,A,候補,霊園一覧ページ（室内にある○件）が上位
1周目（seed SERP・KWP前）,室内墓所,既存,Yahoo! JAPAN（Google検索エンジン）,2026-10-01 01:36,霊園・墓の紹介:神奈川県の霊園・墓地《室内にある》 14件 - いいお墓 / 霊園・墓の紹介:室内霊園はリーズナブルな供養方法！押さえたい7つの .. / 比較・費用・選び方:室内墓地・納骨壇 の費用一覧 - 関西霊園情報局,霊園・墓の紹介6 比較・費用・選び方3,室内墓のデメリットは？ / お墓が近い家に住むと風水的にどうなりますか？ / 遺骨をずっと家に置いておくことはできますか？ / 墓じまいを後悔する理由は何ですか？,屋内墓苑 / 室内 墓地 / 庭に墓 / 墓の前の家 / 自宅墓,室内墓所 / 室内墓所 永代供養 / 室内墓所 沖縄,屋内のお墓を探す,A,候補,同上。地域別一覧が上位
1周目（seed SERP・KWP前）,夫婦墓,既存,Yahoo! JAPAN（Google検索エンジン）,2026-10-01 01:36,比較・費用・選び方:夫婦墓とは？主な種類からメリット＆デメリット・納骨の流れ / Q&A:夫婦で別の墓ってどうなんですか？ - Yahoo!知恵袋 / その他:Couple 夫婦のお墓を探している方へ,比較・費用・選び方4 その他2 Q&A1 意味解説1 霊園・墓の紹介1,夫婦の墓の費用はいくらですか？ / 夫婦は同じ墓に入るべきですか？ / 墓じまいを後悔する理由は何ですか？ / 夫婦墓とは何ですか？,夫婦墓 永代供養 / 夫婦墓墓石 / 夫婦墓とは? / 夫婦墓 読み方 / 夫婦墓の値段,夫婦墓 / 夫婦墓とは / 夫婦墓 値段 / 夫婦墓 墓石 / 夫婦墓 永代供養 / 夫婦墓 デザイン / 夫婦墓 江戸時代 / 夫婦墓 納骨堂,夫婦で入るお墓を選ぶ,B,候補,種類・費用の解説。関連に『夫婦墓 永代供養』『夫婦墓の値段』
1周目（seed SERP・KWP前）,両家墓,新規,Yahoo! JAPAN（Google検索エンジン）,2026-10-01 01:36,比較・費用・選び方:二世帯墓（両家墓）とは？メリット・デメリットと建てる際の / その他:娘だけどお墓を継承したい！両家墓で二世帯をひとつにまとめ / 比較・費用・選び方:二世帯で使える両家墓のメリットとデメリットと手続きの流れ,比較・費用・選び方4 その他3 意味解説2,両家墓とは何ですか？ / 親のお墓は長男が継ぐもの？ / 次男は本家の墓に入れないのはなぜですか？ / 嫁いだ娘は親の墓に入れる？,両家墓 デザイン / 両家墓 読み方 / 両家の墓の合併 / 墓両家一緒 / お墓両家,両家墓 / 両家墓とは / 両家墓 デザイン / 両家墓 費用 / 両家墓 トラブル / 両家墓 文字 / 両家墓 リフォーム / 両家墓 墓誌,両家をまとめる墓を検討,B,候補,メリット・手続き。別名『二世帯墓』を発見
1周目（seed SERP・KWP前）,一人用 お墓,新規,Yahoo! JAPAN（Google検索エンジン）,2026-10-01 01:36,その他:独身女性・独身男性の「おひとりさまのお墓」はどうする？ / 霊園・墓の紹介:【全国対応】ひとり樹木葬【合葬しない】 - 天空陵 / 比較・費用・選び方:個人墓とは？一人用の永代供養墓の種類・特徴・費用相場を解,その他4 霊園・墓の紹介2 比較・費用・選び方2 意味解説1,一番お金がかからないお墓はどれですか？ / お墓参りは一人ではいけないのですか？ / 墓じまいを後悔する理由は何ですか？,お墓 自宅 / お墓に入る人 / お墓がない人 / お墓 どこに入る / お墓 なし / お墓 おしゃれ / お墓 ペットと一緒,お墓 一人用,一人で入るお墓を探す,B,候補,おひとりさまの選択肢解説。『個人墓』『ひとり樹木葬』を発見
1周目（seed SERP・KWP前）,おひとりさま 永代供養,新規,Yahoo! JAPAN（Google検索エンジン）,2026-10-01 01:36,意味解説:お墓がいらない「永代供養」とは？ おひとりさま終活でお墓 / 比較・費用・選び方:おひとりさまのお墓問題｜永代供養・散骨・樹木葬の費用と  / その他:独身女性・独身男性の「おひとりさまのお墓」はどうする？,意味解説3 霊園・墓の紹介3 比較・費用・選び方2 その他1,一人あたりの永代供養費用はいくらですか？ / お墓がない場合、永代供養はどうすればいいですか？ / 永代供養は何年してくれるの？,墓なし 永代供養 / 家族墓 永代供養 / 永代供養 ペット / 永代供養 神道 / 永代供養 お骨 / お墓を持たない 永代供養 3万円 / 永代供養 お墓参り,おひとりさま 永代供養,独身者の永代供養,B,候補,解説中心。関連質問『一人あたりの永代供養費用』
1周目（seed SERP・KWP前）,子供に迷惑をかけない お墓,既存（表記ゆれ）,Yahoo! JAPAN（Google検索エンジン）,2026-10-01 01:36,その他:【家族に迷惑をかけない】お墓の継承問題と生前対策のすべて / 比較・費用・選び方:家族に負担をかけない永代供養とは？メリットや費用の目安を / その他:供養を完全にお任せできる！？子どもに迷惑をかけない永代 ,その他5 霊園・墓の紹介3 比較・費用・選び方1,一番お金がかからないお墓はどれですか? / お墓を放置すると、何年放置したら撤去されますか? / お墓がいらない人の骨はどうすればいいですか? / お墓は長男だけが守るべきものですか?,お墓の前で泣かないでください / お墓がいっぱいになったら / お墓 長男 / お墓 いっぱいになったら / お墓 次男 入れない / お墓の場所がわからない / お墓のない人はどうする,,子に負担を残さない墓,B,保留,上位は終活・継承問題の読み物。悩み語としては有望だが直接比較は少ない
1周目（seed SERP・KWP前）,墓守 いない,新規,Yahoo! JAPAN（Google検索エンジン）,2026-10-01 01:36,その他:お墓を守る人がいない！跡継ぎがいないときはどうする？ / その他:お墓を守る人がいない人も安心できる4つの解決策 / 意味解説:墓守りとは？誰がする？いない場合の対処法まで,その他6 意味解説1 霊園・墓の紹介1 比較・費用・選び方1,墓を継ぐ人がいない場合どうすればいいですか？ / 墓は誰が守るのですか？ / 墓の跡継ぎがいない場合、永代供養はどうなりますか？ / お墓を何年放置したら無縁墓扱いになりますか？,墓守2 / 墓守 人格 / 墓守がいなくなったら / 墓守 彫刻 / 墓守犬,墓守 いない場合 / 墓守 いない / 墓守 が いない 墓 / お 墓 墓守 いない,墓を守る人がいない対処法,C,保留,対処法の読み物。関連に『墓守 人格』『墓守犬』など無関係語
1周目（seed SERP・KWP前）,承継者 いない 永代供養,既存,Yahoo! JAPAN（Google検索エンジン）,2026-10-01 01:36,霊園・墓の紹介:継承者のいない永代供養でも個別に安置できる？終活でできる / その他:【2025年版】お墓の継承者がいなくても安心！多様化する / 比較・費用・選び方:継承者のいらない永代供養墓のメリット・デメリット、向いて,霊園・墓の紹介4 比較・費用・選び方3 その他2,継承者がいないお墓はどうなりますか？ / 檀家をやめて永代供養にすることはできますか？ / 跡継ぎがいないときの位牌はどうすればいいですか？ / 永代供養は何年してくれるの？,墓なし 永代供養 / 永代供養 加古川 / 永代供養 姫路 / 永代供養 その後 / 永代供養 関西 / 永代供養 お参り / 墓仕舞い 永代供養,,承継者不要の永代供養,B,候補,永代供養墓の解説と紹介
1周目（seed SERP・KWP前）,生前墓,既存,Yahoo! JAPAN（Google検索エンジン）,2026-10-01 01:36,意味解説:生前墓とは？縁起が悪いって本当？赤文字の意味や購入の流れ / 比較・費用・選び方:生前のうちに「生前墓」を建てるメリットや注意点について  / 比較・費用・選び方:生前墓（せいぜんぼ）とは？生前にお墓を建てるメリットと ,その他5 比較・費用・選び方3 意味解説1,生前墓のデメリットは？ / 生前にお墓を買うのは縁起が悪いですか？ / 生前墓とは何ですか？ / 生前墓の税金はいくらですか？,生前墓を建てる / 生前墓 縁起 / 生前墓 開眼供養 / 生前墓じまい,生前墓 / 生前墓 お参り / 生前墓とは / 生前墓 名前 / 生前墓地 / 生前墓じまい / 生前墓石 / 生前墓 縁起 悪い / 生前墓 橋本京明 / 生前墓 スピリチュアル,生前に建てる墓の意味・縁起,B,候補,意味・縁起・税金。関連質問『生前墓の税金』
1周目（seed SERP・KWP前）,寿陵,既存,Yahoo! JAPAN（Google検索エンジン）,2026-10-01 01:35,比較・費用・選び方:寿陵とは？生前に建てるお墓のこと！デメリットや注意点を解 / 比較・費用・選び方:寿陵とは – 語源やメリット／開眼法要のお祝いはどうする / その他:縁起の良い「寿陵」について - お墓の吉祥,その他5 比較・費用・選び方4,寿陵とはどういう意味ですか？ / 骨が土に還るまで何年かかる？ / 生前にお墓を買うのは縁起が悪いですか？ / お墓参りは夕方はダメな理由は？,寿陵墓 / 寿陵余子 / 寿陵 読み方,寿陵 / 寿陵とは / 寿陵墓 / 寿陵余子 / 寿陵の歩み,寿陵の意味,C,保留,意味・縁起が中心。関連に『寿陵余子』（無関係の四字熟語）
1周目（seed SERP・KWP前）,お墓 生前購入 メリット,新規,Yahoo! JAPAN（Google検索エンジン）,2026-10-01 01:36,比較・費用・選び方:「生前墓」とは？生前にお墓を購入するメリット・デメリット / 比較・費用・選び方:生前のうちに「生前墓」を建てるメリットや注意点について  / 比較・費用・選び方:終活で準備するお墓。生前墓のメリット - 株式会社加登,比較・費用・選び方7 その他2,生前にお墓を買うのは縁起が悪いですか？ / 生前墓のデメリットは？ / お墓を生前購入したら贈与税はかかりますか？ / 生前にお墓を建てるとどうなるの？,お墓の購入 / お墓に入れる 費用 / お墓 そのまま / お墓はいつ建てる / お墓を建てる時の注意 / お墓 いらない場合 / お墓に入れる時期,,生前購入を検討,B,候補,メリット・デメリット・贈与税
1周目（seed SERP・KWP前）,永代使用料,新規,Yahoo! JAPAN（Google検索エンジン）,2026-10-01 01:36,比較・費用・選び方:永代使用料とは何か？価格相場や管理費・永代供養料との違い / 比較・費用・選び方:【3分で解説】永代使用料とは？永代供養料や管理料との違い / 比較・費用・選び方:永代使用料とは？相場・管理費や永代供養料との違いを解説,比較・費用・選び方8 意味解説1,お墓の永代使用料の相場はいくらですか？ / 永代供養の費用は毎年払うもの？ / 封筒に永代使用料と書くとどうなる？ / 永代使用料と永代供養料の違いは何ですか？,永代使用料 返還 / 永代使用料とは? / 永代使用料 封筒 / 永代使用料 相場,永代使用料とは / 永代使用料 / 永代使用料 トラブル / 永代使用料 相場 / 永代使用料 永代供養料 / 永代使用料 返還 / 永代使用料 消費税 / 永代使用料 封筒 / 永代使用料と永代供養料の違いは何ですか / 永代使用料 いつまで,墓地の使用料を知る,B,保留,意味・相場。関連質問に『封筒に永代使用料と書く』＝既存墓の人も混ざる
1周目（seed SERP・KWP前）,墓石 なし お墓,新規,Yahoo! JAPAN（Google検索エンジン）,2026-10-01 01:37,比較・費用・選び方:墓石なしのお墓ってあり？納骨先の種類や費用を解説！ / その他:墓石なしのお墓にはどんな種類がある？墓石のいらない供養  / その他:墓石がない、後継ぎのいらない埋葬方法「自然葬」ってどんな,比較・費用・選び方3 その他3 霊園・墓の紹介1 意味解説1,お墓がない場合、永代供養はどうすればいいですか？ / 墓じまいを後悔する理由は何ですか？ / 永代供養は何年してくれるの？ / お墓がいらない骨はどうすればいいですか？,墓石 なし お墓用 / 墓石 なし お墓 ステンレス / 墓石 なし お墓 御影石 / 墓石 なし お墓 花立て / 墓石 なし お墓 着脱式 / 墓石 なし お墓 円筒型 / 墓石 なし お墓 機能的 / 墓石 なし お墓 お供え / 墓石 なし お墓 クリーナー / 墓石 なし お墓 コンパクト / 墓石 なし お墓 花入れ / 墓石 なし お墓 金属製,お墓 墓石 なし,墓石を建てない選択肢,B,保留,関連検索が墓前用品（ステンレス・花立て）に寄る
1周目（seed SERP・KWP前）,お墓 年間管理費 相場,新規,Yahoo! JAPAN（Google検索エンジン）,2026-10-01 01:37,比較・費用・選び方:お墓の管理費・維持費の相場はいくら？払わないと ...  / 比較・費用・選び方:お墓の管理費の相場は？管理料を払わないとどうなる？よく  / その他:【調査結果】お墓の管理費は年間平均約1万円！誰が・いつ ,比較・費用・選び方7 その他2,お墓を放置すると、何年放置したら撤去されますか? / お墓の管理費を払わないとどうなるの? / お墓は固定資産税がかかりますか? / 墓の管理費を誰が支払うのが一般的ですか?,お墓の管理費 誰が払う / お墓管理費 封筒 / お墓 管理料 / お墓 管理費 滞納 / 墓の管理費 相場,,今払っている管理費の相場,C,除外,関連が『滞納』『封筒』『誰が払う』＝既にお墓を持つ人
1周目（seed SERP・KWP前）,管理費 一括払い お墓,新規,Yahoo! JAPAN（Google検索エンジン）,2026-10-01 01:37,比較・費用・選び方:永代墓地の管理料一括払いのメリットと注意すべき点 / その他:年間管理料の一括払いが可能になりました / 意味解説:一括払いの管理料とは？ - 川井聖苑,比較・費用・選び方3 その他2 意味解説2 霊園・墓の紹介2,お墓の管理費は誰が払うのですか？ / 納骨堂の管理費がいらないケースは？ / お墓の管理費は年間いくらですか？,お墓の年間管理費 / お墓の管理費 封筒 / 墓 管理費 滞納 / お墓 管理費 封筒 書き方 / お墓 管理 / お墓 年間管理料 / 墓の管理費 相場,,管理費の前払い,C,保留,霊園の制度説明。購入検討の決め手になる層は少数
1周目（seed SERP・KWP前）,永代管理料,新規,Yahoo! JAPAN（Google検索エンジン）,2026-10-01 01:37,比較・費用・選び方:永代供養でも費用は毎年かかる？永代使用料と管理費の違いを / 比較・費用・選び方:永代供養墓の管理料って何？知らないと損する仕組みと選び方 / 比較・費用・選び方:永代供養でも毎年費用はかかる？年間管理費の相場と支払い ,比較・費用・選び方7 霊園・墓の紹介1 その他1,毎年永代供養料を払う必要がありますか？ / 永代管理費とは何ですか？ / 跡継ぎがいない墓の永代供養費用はいくらですか？ / 一番安い永代供養の方法は？,永代経費用 / 管理料 / 永代祠堂料とは / 永住 更新料,永代管理料とは / 永代管理料 / 墓地 永代管理料,永代供養の管理料を知る,B,保留,費用の仕組み解説。関連に『永代祠堂料』『永代経』（寺院の費用）
1周目（seed SERP・KWP前）,お墓 維持費 比較,新規,Yahoo! JAPAN（Google検索エンジン）,2026-10-01 01:37,比較・費用・選び方:お墓の維持費を大公開！年間管理料からメンテナンス費用の  / 比較・費用・選び方:お墓の管理費・維持費の相場はいくら？払わないと ...  / 比較・費用・選び方:お墓の維持・管理費の相場や内訳は？負担の減らし方や払え ,比較・費用・選び方8 その他1,墓の維持費は毎年いくらかかりますか？ / 維持費がかからないお墓はありますか？ / お墓を何年放置したら撤去されますか？ / 一番お金がかからないお墓はどれですか？,お墓にかかる費用 / お墓安い / お墓に入れる 費用 / お墓費用,,維持費が少ない墓を比べる,B,候補,上位8件が維持費比較。関連質問『維持費がかからないお墓』
1周目（seed SERP・KWP前）,宗旨宗派不問 霊園,既存,Yahoo! JAPAN（Google検索エンジン）,2026-10-01 01:37,比較・費用・選び方:墓地の選び方―「宗教不問」と「宗旨宗派不問」 - お墓さ / 霊園・墓の紹介:宗旨宗派不問の霊園 / 比較・費用・選び方:東京都の《宗教不問》のお墓・墓地ランキング・一覧,霊園・墓の紹介5 比較・費用・選び方2 意味解説2,「宗旨・宗派不問」とはどういう意味ですか? / 宗派を問わず永代供養はできますか? / 宗旨と宗派の違いは何ですか? / 宗派が違うお墓に納骨できますか?,真宗寺 川崎霊園 / 遠賀霊園 納骨堂 / ちほく霊園 永代供養,,宗派を問わない霊園を探す,A,候補,霊園一覧・ランキングが上位
1周目（seed SERP・KWP前）,檀家にならない お墓,既存,Yahoo! JAPAN（Google検索エンジン）,2026-10-01 01:37,その他:お墓の購入や葬儀…檀家にならなくても出来るって本当？ / その他:檀家にならないとお墓は建てられないのですか？ - ゆたか / 霊園・墓の紹介:永代供養も檀家になる？檀家制度の仕組みとやめる方法や .,霊園・墓の紹介5 その他3 Q&A1,檀家になれなくても納骨はできますか? / 浄土真宗は墓がいらないのですか? / 檀家にならない場合、戒名はどうなりますか? / 墓じまいを後悔する理由は何ですか?,墓じまい 檀家 / 墓檀家 / お墓 檀家 / 檀家をやめる 墓なし / 墓じまい費用檀家,檀家にならない お墓,檀家にならずに墓を持つ,B,候補,寺院・霊園の解説。関連に『墓じまい 檀家』が混ざる
1周目（seed SERP・KWP前）,寺院墓地 檀家 不要,新規,Yahoo! JAPAN（Google検索エンジン）,2026-10-01 01:37,Q&A:お寺に墓なしの場合の離檀について教えてください。後継者が / 比較・費用・選び方:寺院墓地とは？霊園との違いや寺に墓を建てるメリット .. / 比較・費用・選び方:檀家離れ（離檀）という選択｜メリットデメリットとスムーズ,比較・費用・選び方5 その他2 Q&A1 霊園・墓の紹介1,檀家をやめて永代供養はできますか？ / 墓じまいを後悔する理由は何ですか？ / 浄土真宗ではお墓はいらないのですか？ / 檀家にならなくてもいいの？,檀家をやめる 墓なし / 檀家にならない 供養 / お寺 檀家とは / 檀家 寺,,檀家不要の寺院墓地,B,保留,離檀（墓じまい寄り）の記事が混ざる
1周目（seed SERP・KWP前）,民営霊園 公営霊園 違い,新規,Yahoo! JAPAN（Google検索エンジン）,2026-10-01 01:37,比較・費用・選び方:公営霊園・民営霊園・寺院墓地の違い – 特徴とメリット  / 比較・費用・選び方:民営と公営の違いって？それぞれのメリットデメリットを解説 / 比較・費用・選び方:墓地の種類を解説！寺院墓地・民営霊園・公営霊園の違いと特,比較・費用・選び方8 霊園・墓の紹介1,民営霊園とは何ですか？ / 墓の中の骨は何年で溶けますか？ / 一番お金がかからないお墓はどれですか？ / 公営と民営の違いは何ですか？,佼成霊園 アクセス / 近くの霊園 / 緑ヶ丘霊園 納骨堂 / お墓 霊園 / 市営霊園 / 霊園 東京 / 市営霊園 千葉 / 霊園 とは,,運営主体で選ぶ,B,候補,違いの比較記事が8件
1周目（seed SERP・KWP前）,公営霊園 抽選 落ちた,新規,Yahoo! JAPAN（Google検索エンジン）,2026-10-01 01:35,Q&A:都営霊園に応募していますが、倍率が高く何度 ... -  / 霊園・墓の紹介:公営霊園の抽選にはずれても手段はある？落選してもできるお / 霊園・墓の紹介:都立霊園に外れた方へ｜落選後にすぐ検討できる納骨先,霊園・墓の紹介8 Q&A1,小平霊園の抽選倍率は？ / 祭祀承継者になる人が誰もいなかったらどうなる？ / 跡継ぎがいない墓の永代供養費用はいくらですか？ / 峰山霊園の倍率は？,さいたま市営霊園 抽選結果 / 東京都営霊園募集 / 都営霊園申し込み 2025 / 都営霊園申し込み,,落選後に次の墓を探す,A,候補,上位8件が『落選後に検討できる納骨先』。都立落選者の約7割が民営購入という記事
1周目（seed SERP・KWP前）,公営霊園 申込資格 遺骨,新規,Yahoo! JAPAN（Google検索エンジン）,2026-10-01 01:37,霊園・墓の紹介:都立霊園をご希望の方へ - 公益財団法人東京都公園協会 / 行政:令和8年度 都立霊園の使用者を募集|5月 - 都庁総合ホ / 霊園・墓の紹介:公営墓地の申し込みの流れを解説します - お墓きわめびと,霊園・墓の紹介5 行政3 マナー・儀礼1,遺骨をお墓に入れる費用はいくらですか？ / 都立霊園の年間費用はいくらですか？ / 公営墓地の維持費はいくらですか？ / 遺骨を墓に入れる方法はありますか？,東京都霊園申し込み / 緑ヶ丘霊園 納骨堂 / 地産霊園 永代供養墓 / 佼成霊園 永代供養 / お墓 霊園 / 遺骨 お墓に入れない / 都営霊園 永代供養,,公営の申込条件,B,保留,行政・募集ページ中心。公営狙いの人が多い
1周目（seed SERP・KWP前）,遺骨がなくても買える お墓,新規,Yahoo! JAPAN（Google検索エンジン）,2026-10-01 01:37,その他:お墓を持たないで遺骨を供養するには？墓石を建てないお墓も / その他:お墓を買うお金がない場合の対処法！お金をかけずに供養を  / 意味解説:遺骨がいらない・残したくない場合に選べる合法的な方法とは,その他3 比較・費用・選び方3 意味解説2 霊園・墓の紹介1,一番お金がかからない納骨方法は？ / 遺骨がいらない場合はどうすればいいですか？ / 永代供養は何年してくれるの？ / 相続人がいないお墓はどうなるのか？,お墓を持たない 永代供養 / お墓から遺骨を出す 費用 / 遺骨を墓に納める時期 / 遺骨をお墓に入れる時期 / お墓無い 納骨 どうする / お墓から遺骨を出す / 墓 遺骨 移動,,生前購入できる墓,B,保留,上位が『お墓を持たない供養』に寄り、意図がずれる
1周目（seed SERP・KWP前）,お墓 四十九日 間に合う,新規,Yahoo! JAPAN（Google検索エンジン）,2026-10-01 01:37,比較・費用・選び方:49日前より前にお墓に納骨しても問題無いか注意点なども解 / その他:【短納期】四十九日の納骨に間に合うお墓造り 最短3週間で / その他:納骨の時期はいつ？同日でもいい？葬儀から納骨式までの日数,その他5 比較・費用・選び方2 マナー・儀礼2,49日を待てず納骨してもいいですか? / 四十九日にやってはいけないことは何ですか? / お墓がない場合の四十九日法要はどうなりますか? / 49日を過ぎてから納骨しても良いですか?,納骨 四十九日前 / お墓と位牌の関係 / 納骨 お墓 お供え / お墓 納骨の仕方 / 49日 お墓参り / お墓 納骨 服装 / お墓 納骨 開け方,,期限までに墓を用意,B,候補,短納期の石材店ページと納骨時期の解説が半々
1周目（seed SERP・KWP前）,建墓 期間,新規,Yahoo! JAPAN（Google検索エンジン）,2026-10-01 01:38,その他:お墓を建てる期間は2～3か月 その内容を詳しくお教えます / その他:﻿お墓はいつ建てるのが正しいのですか？(年忌） | お墓 / その他:お墓を建てる期間はどれくらい？建墓までの流れも解説,その他8 比較・費用・選び方2,お墓を建てる期間はどれくらいですか？ / お墓を何年放置したら撤去されますか？ / 骨が土に還るまで何年かかる？,お墓 建之 / お墓 建て替え / お墓 建立者名 / 墓 建立 / お墓 移動 / お墓 移動 費用 / お墓移転 / お墓 売却,,建てるまでの期間,B,保留,期間の解説のみ。関連は『建て替え』『売却』など既存墓
1周目（seed SERP・KWP前）,一周忌 までに お墓,既存（表記ゆれ）,Yahoo! JAPAN（Google検索エンジン）,2026-10-01 01:38,その他:一周忌にお墓を間に合わせるには？建立期間・対処法を全解説 / その他:一周忌の納骨が最適なケースは？納骨基礎知識＆お墓がない納 / マナー・儀礼:一周忌法要の納骨式の流れとは？準備しておくことや挨拶する,その他7 マナー・儀礼1 意味解説1,一周忌にお墓に持っていくものは何ですか？ / 四十九日を過ぎても納骨しないのは問題ないですか？ / 一周忌法要にお坊さんを呼ばなくてもいいですか？ / 一周忌と納骨は同時に行うことはできますか？,一周忌 お墓参り / 一周忌 墓参りなし / 一周忌 墓参りのみ / お墓で一周忌,,一周忌までに墓を用意,B,保留,法要・納骨式の記事が混ざる
1周目（seed SERP・KWP前）,空き区画 霊園,新規,Yahoo! JAPAN（Google検索エンジン）,2026-10-01 01:38,霊園・墓の紹介:お求めやすい空き墓地区画のご案内です。 - 霊園施設協会 / 行政:市営霊園の空き区画使用者募集 - 安城市 / 霊園・墓の紹介:墓地の募集情報 - 池尻石材工業,霊園・墓の紹介7 行政2,,三内霊園 区画図 / 霊園近くの家 / 近くの霊園 / 青山霊園 立体埋蔵施設 / 青山霊園 立体 / 愛宕霊園 永代供養 / 葛岡霊園 区画図,,空き区画を探す,A,候補,霊園の空き区画案内・募集が上位（行政含む）
1周目（seed SERP・KWP前）,霊園 区画 広さ 費用,新規,Yahoo! JAPAN（Google検索エンジン）,2026-10-01 01:38,比較・費用・選び方:お墓の平均費用は？お墓の種類・目的別の値段例や墓石の適正 / 比較・費用・選び方:墓地の区画はどう選ぶ？面積・費用の相場や墓所の種類 / 比較・費用・選び方:お墓の相場〜費用の内訳は？誰が払う？費用負担について徹底,比較・費用・選び方7 霊園・墓の紹介1,民間霊園の費用はいくらですか？ / お墓を建てる費用は平均していくらですか？ / 墓地の区画の大きさは？ / 都立霊園の費用はいくらですか？,青山霊園 立体埋蔵施設 / 近くの霊園 / 青山霊園 立体 / 霊園近くの家 / 青山霊園 価格 / 三内霊園 区画図 / 青山霊園地図,,区画サイズ別の費用,A,候補,費用相場・区画の選び方
1周目（seed SERP・KWP前）,ペット と 一緒に 入れる お墓,新規,Yahoo! JAPAN（Google検索エンジン）,2026-10-01 01:38,比較・費用・選び方:ペットと人が一緒に入れるお墓の種類と費用｜後悔しないため / 比較・費用・選び方:東京都のペットと一緒に入れる墓地・霊園ランキングTOP1 / 霊園・墓の紹介:全国の霊園・墓地《ペットと一緒》 840件 - いいお墓,霊園・墓の紹介5 比較・費用・選び方3 その他1,ペットと一緒にお墓に入れることはできますか? / ペットと一緒に同じ墓に入るのはなぜダメなのですか? / ペットと一緒に入れるお墓の費用はいくらですか? / ペットの遺体を庭に埋めてはいけない理由は?,ペット お墓 自宅 / ペット お墓 プレート / ペットと入れる墓 / お墓 犬 / ペットとは入れるお墓,,ペットと入れる墓を探す,A,候補,霊園一覧（840件）・ランキング
1周目（seed SERP・KWP前）,樹木葬 何人 入れる,新規,Yahoo! JAPAN（Google検索エンジン）,2026-10-01 01:38,霊園・墓の紹介:家族で樹木葬を考えていますが、人数制限があると聞きました / 霊園・墓の紹介:樹木葬は何人まで入れる？夫婦・家族で選ぶときに知っておき / 比較・費用・選び方:樹木葬に人数制限はある？家族構成に合わせた選び方をご紹介,比較・費用・選び方5 霊園・墓の紹介4,樹木葬の欠点は何ですか？ / 樹木葬と散骨ではどちらが安いですか？ / 樹木葬は最終的にどうなるの？ / 樹木葬の年間費用はいくらですか？,樹木葬 とは? / 樹木葬 自宅 / 樹木葬 人気 / 樹木葬デメリット / 樹木葬 やり方 / 樹木葬 金額 / 樹木葬 後悔,,家族で入れるか確認,B,候補,人数制限の解説。関連『樹木葬 何人まで』
1周目（seed SERP・KWP前）,納骨堂 何柱,新規,Yahoo! JAPAN（Google検索エンジン）,2026-10-01 01:38,Q&A:3柱とはどうゆういみですか？墓地の広告を見る... / 意味解説:お墓の数え方とは？墓地や石材の単位やサイズをご紹介 / マナー・儀礼:墓石の数え方は「1基」ではない？棹や柱の使い分けとマナー,その他3 霊園・墓の紹介3 Q&A1 意味解説1 マナー・儀礼1,遺骨の1柱とは何ですか？ / 納骨堂の仕組みは？ / 納骨堂 何体まで？,納骨堂 とは / 納骨堂 参拝 / 納骨堂 期間 / 納骨堂 お供え / 納骨堂 時間 / 納骨堂を作るには / 納骨堂を買う,,数え方の意味,C,除外,『柱とは』『墓石の数え方』＝意味解説
1周目（seed SERP・KWP前）,分骨 納骨先,既存,Yahoo! JAPAN（Google検索エンジン）,2026-10-01 01:38,その他:納骨後の分骨はできる？手順と供養方法をわかりやすくご紹介 / 比較・費用・選び方:分骨の正しい手順や手続き、注意点、分骨後の供養方法を解説 / その他:分骨：遺骨を2か所以上に納骨する場合 - 新家葬祭,その他5 比較・費用・選び方3 意味解説1,分骨した骨を納骨するにはどうすればいいですか？ / 納骨前に分骨したいのですが、どうすればいいですか？ / 分骨はタブーですか？ / 納骨後に分骨するにはいくらかかりますか？,納骨 方法 / 納骨 すぐ / 納骨 身内だけ / 遺骨 納骨 / 納骨 いるもの / 遺骨 納骨堂 / 納骨 場所 / 納骨室 開け方,,分骨の手順,C,保留,手続き解説。関連が納骨の方法
1周目（seed SERP・KWP前）,改葬 受け入れ 霊園,新規,Yahoo! JAPAN（Google検索エンジン）,2026-10-01 01:38,霊園・墓の紹介:改葬 | 【公式】霊園墓石・永代供養・樹木葬の泉屋 / 意味解説:改葬許可証とは？改葬手続きとお墓移転の流れ - お墓ガイ / 比較・費用・選び方:改葬とは？選ばれる理由や流れ、費用相場などを解説,比較・費用・選び方3 霊園・墓の紹介2 意味解説2 行政2,お墓の改葬とはどういうことですか？ / 自宅の墓に改葬するには許可が必要ですか？ / 墓の改葬にかかる費用は？ / 同じ墓地内で改葬することはできますか？,お墓 改葬 / 桜木霊園 合葬墓 / ばらと霊園 樹木葬 / 火葬 葬 / 墓地と霊園の違い / 大阪霊園 樹木葬 / 火葬 直葬,,改葬先の霊園,B,保留,墓じまい関連（依頼書ルールで保留）。改葬許可証の手続き記事が混ざる
1周目（seed SERP・KWP前）,実家の墓 遠い,既存（表記ゆれ）,Yahoo! JAPAN（Google検索エンジン）,2026-10-01 01:38,Q&A:お墓が遠いので、死んだらそこに入りたくないです。 - 夫 / その他:遠方の実家のお墓は移転するべき？ - 和泉家石材店 / その他:実家のお墓参りに遠くて行けない場合は？墓じまいの選択肢も,その他6 Q&A2 意味解説1,継ぐ人がいない墓はどうなりますか？ / 墓の中の骨は何年で溶けますか？ / 嫁いだ娘は実家の墓に入れる？ / 菩提寺が遠い場合の葬儀はどうすればいいですか？,実家の墓問題 / 実家のお墓の管理 / 旦那の実家の墓に入りたくない / 家の墓に入りたくない / 嫁の実家の墓に入る / 夫婦 同じ墓に入ること / 同じお墓に入れる人,,遠い実家の墓の悩み,C,保留,知恵袋・移転の悩み。関連『旦那の実家の墓に入りたくない』を発見
1周目（seed SERP・KWP前）,お墓 見学 チェックポイント,新規,Yahoo! JAPAN（Google検索エンジン）,2026-10-01 01:38,比較・費用・選び方:お墓・霊園見学の方法とは？チェックポイントと注意点 / 霊園・墓の紹介:霊園見学に行こう！見学の流れやチェックポイントを解説 / 霊園・墓の紹介:霊園見学のチェックリスト - 霊園・お墓の鳳友産業グルー,霊園・墓の紹介3 その他2 比較・費用・選び方1 意味解説1 マナー・儀礼1,霊園を選ぶときのポイントは？ / お墓の前でしてはいけないことは？ / 墓じまいを後悔する理由は何ですか？ / 墓の中の骨は何年で溶けますか？,お墓の場所がわからない / お墓 探し方 / お墓の写真 よくない / お墓を見る人がいない / お墓 管理 / お墓探し サイト / お墓の場所 聞き方,,見学時の確認事項,A,候補,見学の流れ・チェックリスト＝比較段階
1周目（seed SERP・KWP前）,バリアフリー 霊園,新規,Yahoo! JAPAN（Google検索エンジン）,2026-10-01 01:38,霊園・墓の紹介:バリアフリー のお墓・墓地・霊園情報 | ページ1 / 霊園・墓の紹介:バリアフリー の霊園・墓地一覧 | 石乃家（いしのや） / 比較・費用・選び方:東京都の《バリアフリー対応》のお墓・墓地ランキング・一覧,霊園・墓の紹介6 比較・費用・選び方2 辞書・意味1,墓じまいを後悔する理由は何ですか？ / 永代供養は何年してくれるの？ / 樹木葬とは宗教に関係ありますか？ / 一番お金がかからないお墓はどれですか？,バリアフリー 施設 / バリアフリー 霊園,,段差のない霊園を探す,A,候補,霊園一覧が上位
1周目（seed SERP・KWP前）,駅近 納骨堂,既存,Yahoo! JAPAN（Google検索エンジン）,2026-10-01 01:39,霊園・墓の紹介:駅近く！歩いてお参りできるお墓【駅近霊園】墓地一覧 / 比較・費用・選び方:駅から近い東京の納骨堂おすすめ5選！～徒歩5分圏内偏 / 霊園・墓の紹介:駅近（関東） - 納骨堂サポートセンター,霊園・墓の紹介7 比較・費用・選び方2,納骨堂の平均的な費用はいくらですか？ / 一番お金がかからない納骨方法は？ / 納骨堂の年間維持費はいくらですか？ / 納骨堂の永代供養の費用は毎年いくらですか？,納骨堂 墓 / 納骨堂 神奈川県 / 納骨堂 都内 / 納骨堂 お参りの仕方 / 納骨堂 港区 / 納骨堂 安い / 納骨堂 時間,駅近 納骨堂,駅近の納骨堂を探す,A,候補,納骨堂一覧・おすすめ
1周目（seed SERP・KWP前）,送迎バス 霊園,既存（表記ゆれ）,Yahoo! JAPAN（Google検索エンジン）,2026-10-01 01:39,霊園・墓の紹介:全国の霊園・墓地《送迎バスあり》 199件 - いいお墓 / 霊園・墓の紹介:全国の送迎バスの霊園・墓地一覧 - お墓さがし / 霊園・墓の紹介:送迎バスがある 又は交通至便 - 霊園・お墓の鳳友産業グ,霊園・墓の紹介8 行政1,,生駒霊園 送迎バス / 西山霊園 送迎バス / 瓜破霊園 送迎バス / 宮城霊園送迎バス,生駒 霊園 送迎バス 時刻表 / 西多摩 霊園 送迎バス 時刻表 / 西多摩 霊園 送迎バス / 猪名川 霊園 送迎バス / 四條畷 霊園 送迎バス 時刻表 / 六浦 霊園 送迎バス / 所沢 霊園 送迎バス / 峰山 霊園 送迎バス 令和7年 / 神戸平和 霊園 送迎バス / 桃山 霊園 送迎バス,送迎のある霊園を探す,A,候補,霊園一覧（199件）。関連は霊園名（除外対象）
1周目（seed SERP・KWP前）,お墓 ローン,新規,Yahoo! JAPAN（Google検索エンジン）,2026-10-01 01:39,その他:お墓はローンで購入できる！知っておきたい3つのローン / 意味解説:メモリアルローンとは？金利や審査、申し込みの流れ - 関 / その他:墓石ローン（金利0％、審査無し） - 石屋千鳥,その他5 比較・費用・選び方3 意味解説1,お墓のローンは組めますか？ / お金がない 遺骨どうする？ / お墓の年間維持費はいくらですか？ / メモリアルローンとは何ですか？,墓じまい ローン / 墓 ローン / お墓ローン審査,お墓 ローン / お墓 ローン 銀行 / お墓 ローン 審査 / お墓 ローン 金利,分割で購入,B,候補,メモリアルローンの解説＝購入直前
1周目（seed SERP・KWP前）,お墓 見積もり 内訳,新規,Yahoo! JAPAN（Google検索エンジン）,2026-10-01 01:39,比較・費用・選び方:お墓の相場〜費用の内訳は？誰が払う？費用負担について徹底 / 比較・費用・選び方:永代使用料・墓石費用・管理費の平均価格 - お墓ガイド / その他:お墓の見積もりは必ず相見積もりを利用しよう！見積もりの3,比較・費用・選び方5 その他3,一般墓の平均費用はいくらですか？ / お墓を建てる費用は平均していくらですか？ / お墓の管理費は誰が払うのですか？ / 墓石の値段は工事費込みでいくらくらいですか？,お墓の修繕費用 / お墓を作る費用 / お墓管理費払わない / お墓 管理費 滞納 / お墓の費用負担 / お墓 納骨 費用,,見積もりの中身を確認,A,候補,費用内訳と相見積もり。広告主の訴求そのもの
1周目（seed SERP・KWP前）,墓じまい 不要 お墓,新規,Yahoo! JAPAN（Google検索エンジン）,2026-10-01 01:39,その他:墓じまいしないでお墓を放置したらどうなる？後継者の負担  / その他:墓じまいをしないとどうなる？放置するリスクとお墓を残す  / その他:墓じまいしないとどうなる？田舎のお墓が気になっている方へ,その他6 意味解説2 霊園・墓の紹介1,墓じまいをせずに永代供養をするにはどうすればいいですか？ / 墓じまいを後悔する理由は何ですか？ / お墓がいらない骨はどうすればいいですか？ / お墓の墓じまいをしないとどうなる？,墓じまい不要,,墓じまいしないとどうなる,C,除外,上位が『墓じまいしないとどうなる』＝既存墓の放置。お墓選びの条件ではない
