周,専門語,KWP投入形,種類,出典,一段深い理由,本文の出現ページ数,見つかったseed,既存区分,既存の根拠,判定
1周目（seed SERP・KWP前）,二世帯墓,二世帯墓,型・墓種,SERPタイトル（両家墓）,両家墓の別名。費用・建て方を調べる層,1,両家墓,新規,,KWP投入
1周目（seed SERP・KWP前）,個人墓,個人墓 費用,型・墓種,本文10ページ・タイトル（一人用 お墓）,一人用の業界語,10,お墓 生前購入 メリット / バリアフリー 霊園 / 両家墓 / 夫婦墓 / 宗旨宗派不問 霊園 / 寺院墓地 檀家 不要,新規,,KWP投入
1周目（seed SERP・KWP前）,ひとり樹木葬,樹木葬 一人,型・墓種,SERPタイトル（一人用 お墓）,一人で入る樹木葬,2,一人用 お墓 / 合祀墓 個別墓 違い,新規,,KWP投入
1周目（seed SERP・KWP前）,集合墓,集合墓,型・墓種,本文10ページ,合祀と個別の中間の型,10,おひとりさま 永代供養 / お墓 生前購入 メリット / お墓 維持費 比較 / お墓 見積もり 内訳 / バリアフリー 霊園 / 宗旨宗派不問 霊園,新規,,KWP投入
1周目（seed SERP・KWP前）,個別埋葬型,樹木葬 個別型,型・墓種,本文・タイトル（合祀墓 個別墓 違い）,樹木葬の個別型/集合型/合祀型,3,お墓 見積もり 内訳 / 樹木葬 個別埋葬 期間 / 霊園 区画 広さ 費用,既存,10/01具体条件 / 9/30追加調査,KWP投入
1周目（seed SERP・KWP前）,集合型樹木葬,樹木葬 集合型,型・墓種,SERPタイトル,同上,,,新規,,KWP投入
1周目（seed SERP・KWP前）,合祀型樹木葬,樹木葬 合祀型,型・墓種,SERPタイトル,同上,1,合祀墓 個別墓 違い,新規,,KWP投入
1周目（seed SERP・KWP前）,樹木葬 合祀なし,樹木葬 合祀なし,契約条件,関連検索（永代供養付き樹木葬）,合祀を避けたい,,,既存（表記ゆれ）,10/01具体条件:樹木葬 合祀しない / 9/30追加調査:合祀 されない 樹木 葬 / 9/30追加調査:樹木 葬 合祀 しない,KWP投入
1周目（seed SERP・KWP前）,合葬しない,合葬しない お墓,契約条件,SERPタイトル（ひとり樹木葬【合葬しない】）,合葬を避けたい,,,新規,,KWP投入
1周目（seed SERP・KWP前）,合葬式墓所,合葬式墓所,型・墓種,関連検索（合葬墓 費用）,公営の合葬墓の呼び方,,,新規,,KWP投入
1周目（seed SERP・KWP前）,合同墓,合同墓,型・墓種,本文6ページ・関連検索,合葬墓の別名,6,おひとりさま 永代供養 / お墓 見積もり 内訳 / 合葬墓 費用 / 室内墓所 / 樹木葬 個別埋葬 期間 / 駅近 納骨堂,既存,9/30追加調査 / KWプール(out/final) / KWプール(out/pool),KWP投入
1周目（seed SERP・KWP前）,家族墓 永代供養,家族墓 永代供養,型・墓種,関連検索（合葬墓 費用・おひとりさま 永代供養）,家族で入れる永代供養,,,新規,,KWP投入
1周目（seed SERP・KWP前）,公園墓地,公園墓地,型・墓種,本文11ページ,民営霊園の形態,11,ペット と 一緒に 入れる お墓 / 公営霊園 申込資格 遺骨 / 宗旨宗派不問 霊園 / 実家の墓 遠い / 室内墓所 / 建墓 期間,新規,,KWP投入
1周目（seed SERP・KWP前）,庭園墓地,庭園墓地,型・墓種,本文3ページ,同上,3,バリアフリー 霊園 / 宗旨宗派不問 霊園 / 駅近 納骨堂,新規,,KWP投入
1周目（seed SERP・KWP前）,ガーデニング霊園,ガーデニング霊園,型・墓種,本文3〜4ページ,洋風の霊園形態,3,ペット と 一緒に 入れる お墓 / 公営霊園 抽選 落ちた / 送迎バス 霊園,新規,,KWP投入
1周目（seed SERP・KWP前）,ガーデニング型樹木葬,ガーデニング型 樹木葬,型・墓種,本文4ページ,樹木葬の型,4,おひとりさま 永代供養 / お墓 生前購入 メリット / 屋内墓苑 / 承継者 いない 永代供養,新規,,KWP投入
1周目（seed SERP・KWP前）,レンタル墓,レンタル墓,型・墓種,本文3ページ,期限付きの墓,3,一周忌 までに お墓 / 自動搬送式 納骨堂,新規,,KWP投入
1周目（seed SERP・KWP前）,期限付き墓地,期限付き 墓地,型・墓種,業界語（レンタル墓から派生）,一定期間後に合祀する墓,1,納骨堂 ロッカー式 費用,新規,,KWP投入
1周目（seed SERP・KWP前）,機械式納骨堂,機械式 納骨堂,型・墓種,本文4ページ・タイトル（機械式のお墓）,自動搬送式の別名,4,お墓 ローン / お墓 維持費 比較 / お墓 見積もり 内訳 / 霊園 区画 広さ 費用,新規,,KWP投入
1周目（seed SERP・KWP前）,位牌式納骨堂,位牌式 納骨堂,型・墓種,本文5ページ,納骨堂の型,,,新規,,KWP投入
1周目（seed SERP・KWP前）,仏壇型納骨堂,仏壇型 納骨堂,型・墓種,SERPタイトル（ロッカー型・仏壇型）,納骨堂の型,2,納骨堂 ロッカー式 費用 / 自動搬送式 納骨堂,新規,,KWP投入
1周目（seed SERP・KWP前）,室内霊園,室内霊園,型・墓種,本文3ページ・タイトル,屋内墓の別名,3,室内墓所 / 納骨堂 ロッカー式 費用,新規,,KWP投入
1周目（seed SERP・KWP前）,駅近霊園,駅近 霊園,利用条件,本文4ページ,アクセス条件,1,駅近 納骨堂,新規,,KWP投入
1周目（seed SERP・KWP前）,ペット共葬,ペット共葬,利用条件,本文6ページ,ペットと入れる墓の業界語,6,バリアフリー 霊園 / 公営霊園 抽選 落ちた / 宗旨宗派不問 霊園 / 屋内墓苑 / 樹木葬 何人 入れる / 永代供養付き樹木葬,新規,,KWP投入
1周目（seed SERP・KWP前）,ペット共葬可,ペット共葬可 霊園,利用条件,本文5ページ,同上（霊園の条件表記）,5,お墓 維持費 比較 / 合祀墓 個別墓 違い / 寺院墓地 檀家 不要 / 永代供養 三十三回忌 合祀 / 送迎バス 霊園,新規,,KWP投入
1周目（seed SERP・KWP前）,檀家義務なし,檀家義務なし,契約条件,本文5ページ,寺院墓地の入会条件,5,ペット と 一緒に 入れる お墓 / 室内墓所 / 寺院墓地 檀家 不要 / 屋内墓苑 / 送迎バス 霊園,新規,,KWP投入
1周目（seed SERP・KWP前）,宗教自由,宗教自由 霊園,契約条件,本文4ページ,宗派不問の別表記,4,バリアフリー 霊園 / 屋内墓苑 / 送迎バス 霊園 / 駅近 納骨堂,新規,,KWP投入
1周目（seed SERP・KWP前）,無宗教,無宗教 お墓,契約条件,本文10ページ,宗教なしで入れる墓,10,ペット と 一緒に 入れる お墓 / 一人用 お墓 / 実家の墓 遠い / 寺院墓地 檀家 不要 / 屋内墓苑 / 檀家にならない お墓,新規,,KWP投入
1周目（seed SERP・KWP前）,永代使用権,永代使用権,費用,本文7ページ,墓地の権利。購入時に調べる,7,お墓 見積もり 内訳 / 永代使用料 / 永代供養 三十三回忌 合祀 / 空き区画 霊園 / 管理費 一括払い お墓 / 霊園 区画 広さ 費用,新規,,KWP投入
1周目（seed SERP・KWP前）,墓地使用料,墓地使用料,費用,本文3ページ,永代使用料の別名,3,一周忌 までに お墓 / 永代使用料 / 永代供養付き樹木葬,新規,,KWP投入
1周目（seed SERP・KWP前）,建墓費用,建墓費用,費用,本文5ページ,建てる費用の業界語,5,おひとりさま 永代供養 / お墓 生前購入 メリット / 両家墓 / 公営霊園 申込資格 遺骨 / 承継者 いない 永代供養,新規,,KWP投入
1周目（seed SERP・KWP前）,墓石セット,墓石セット 価格,費用,本文3ページ,墓石＋工事のセット価格（加工ではなく購入）,3,お墓 見積もり 内訳 / 霊園 区画 広さ 費用,既存,KWプール(out/final) / KWプール(out/pool),KWP投入
1周目（seed SERP・KWP前）,墓地代,墓地代,費用,本文4ページ,墓地の費用の口語,4,両家墓 / 永代使用料 / 遺骨がなくても買える お墓 / 霊園 区画 広さ 費用,新規,,KWP投入
1周目（seed SERP・KWP前）,メモリアルローン,メモリアルローン,費用,SERPタイトル（お墓 ローン）,お墓用ローンの業界語,,,新規,,KWP投入
1周目（seed SERP・KWP前）,相見積もり,お墓 相見積もり,費用,SERPタイトル（お墓 見積もり 内訳）,比較の行動語,,,既存,KWプール(out/final) / KWプール(out/pool),KWP投入
1周目（seed SERP・KWP前）,維持費がかからないお墓,維持費がかからない お墓,費用,関連する質問（お墓 維持費 比較）,PAAに繰り返し出現,,,新規,,KWP投入
1周目（seed SERP・KWP前）,一番安いお墓,一番安い お墓,費用,関連する質問（複数seedで繰り返し）,『一番お金がかからないお墓はどれですか？』,,,既存,9/30追加調査 / KWプール(out/final) / KWプール(out/pool),KWP投入
1周目（seed SERP・KWP前）,一人あたり永代供養費用,永代供養 一人 費用,費用,関連する質問（おひとりさま 永代供養）,人数単位の費用,,,新規,,KWP投入
1周目（seed SERP・KWP前）,安置期間,永代供養 安置期間,契約条件,本文6ページ,合祀までの期間の業界語,6,ペット と 一緒に 入れる お墓 / 夫婦墓 / 承継者 いない 永代供養 / 永代供養 三十三回忌 合祀 / 永代供養付き樹木葬,新規,,KWP投入
1周目（seed SERP・KWP前）,樹木葬 期限,樹木葬 期限,契約条件,SERPタイトル（樹木葬 個別埋葬 期間）,満期の確認,,,既存,KWプール(out/final) / KWプール(out/pool) / 既存925,KWP投入
1周目（seed SERP・KWP前）,樹木葬 満期,樹木葬 満期,契約条件,SERPタイトル（満期後対応）,同上,,,新規,,KWP投入
1周目（seed SERP・KWP前）,永代供養 期間,永代供養 期間,契約条件,SERPタイトル・関連する質問,何年供養されるか,,,新規,,KWP投入
1周目（seed SERP・KWP前）,納骨人数,納骨人数,契約条件,本文6ページ,何人入れるか,6,お墓 見積もり 内訳 / 室内墓所 / 納骨堂 ロッカー式 費用 / 自動搬送式 納骨堂 / 霊園 区画 広さ 費用,新規,,KWP投入
1周目（seed SERP・KWP前）,納骨堂 何体まで,納骨堂 何人まで,契約条件,関連する質問（納骨堂 何柱）,人数の確認,,,新規,,KWP投入
1周目（seed SERP・KWP前）,募集区画,霊園 募集区画,利用条件,本文3ページ,空き区画の言い方,3,公営霊園 抽選 落ちた / 空き区画 霊園,新規,,KWP投入
1周目（seed SERP・KWP前）,新区画,霊園 新区画,利用条件,本文3ページ,新しく売り出す区画,3,バリアフリー 霊園 / 宗旨宗派不問 霊園 / 樹木葬 何人 入れる,新規,,KWP投入
1周目（seed SERP・KWP前）,公営霊園 落選,公営霊園 落選,利用条件,SERPタイトル（公営霊園 抽選 落ちた）,落選後の納骨先探し,,,新規,,KWP投入
1周目（seed SERP・KWP前）,公営霊園 倍率,公営霊園 倍率,利用条件,関連する質問（○○霊園の抽選倍率は？）,落選見込み→民営も検討,,,新規,,KWP投入
1周目（seed SERP・KWP前）,短納期,お墓 短納期,利用条件,SERPタイトル（四十九日に間に合うお墓造り）,急ぎの建墓,,,新規,,KWP投入
1周目（seed SERP・KWP前）,納骨 四十九日前,納骨 四十九日 間に合わない,悩み,関連検索（お墓 四十九日 間に合う）,期限に間に合わない人,,,新規,,KWP投入
1周目（seed SERP・KWP前）,祭祀財産,お墓 相続税 非課税,費用,本文11ページ（祭祀財産は相続税非課税）,生前購入の動機,11,おひとりさま 永代供養 / お墓 生前購入 メリット / お墓 維持費 比較 / お墓 見積もり 内訳 / 子供に迷惑をかけない お墓 / 宗旨宗派不問 霊園,新規,,KWP投入
1周目（seed SERP・KWP前）,生前墓 税金,生前墓 税金,費用,関連する質問（生前墓の税金はいくら）,同上,,,新規,,KWP投入
1周目（seed SERP・KWP前）,祭祀承継者,祭祀承継者 いない,悩み,本文3ページ・関連する質問,承継者がいない人の法律用語,3,お墓 維持費 比較 / お墓 見積もり 内訳 / 霊園 区画 広さ 費用,新規,,KWP投入
1周目（seed SERP・KWP前）,夫の墓に入りたくない,夫の墓に入りたくない,属性・人物像,関連検索（実家の墓 遠い）,自分用の墓を探す層（競合が拾いにくい）,,,新規,,KWP投入
1周目（seed SERP・KWP前）,次男 墓,次男 お墓,属性・人物像,関連検索（お墓 次男 入れない）,実家の墓に入れず新しく買う層,,,既存,既存925,KWP投入
1周目（seed SERP・KWP前）,分家 墓,分家 お墓,属性・人物像,業界語（次男から派生）,新しく墓を建てる立場,,,新規,,KWP投入
1周目（seed SERP・KWP前）,嫁いだ娘 実家の墓,嫁いだ娘 お墓,属性・人物像,関連する質問（両家墓）,入る墓がない女性,,,新規,,KWP投入
1周目（seed SERP・KWP前）,終活 お墓,終活 お墓 選び方,悩み,SERPタイトル（おひとりさま）,終活中の墓選び,,,新規,,KWP投入
1周目（seed SERP・KWP前）,浄土真宗 永代供養,浄土真宗 永代供養,契約条件,関連検索（永代供養 三十三回忌 合祀・合祀墓 個別墓 違い）,宗派別の永代供養,,,既存,KWプール(out/final) / KWプール(out/pool),KWP投入
1周目（seed SERP・KWP前）,永代供養 神道,神道 永代供養,契約条件,関連検索（おひとりさま 永代供養）,宗派別,,,新規,,KWP投入
1周目（seed SERP・KWP前）,お墓探し サイト,お墓探し サイト,利用条件,関連検索（お墓 見学 チェックポイント）,比較サイトを探す＝比較直前,,,既存,KWプール(out/final) / KWプール(out/pool) / 既存925,KWP投入
1周目（seed SERP・KWP前）,寿陵墓,,,SERP本文・関連検索,関連検索に出たが、寿陵と同じく意味・縁起の検索が中心と見られる。KWPでVolだけ確認,2,お墓 生前購入 メリット / 生前墓,既存,10/01具体条件 / KWプール(out/final) / KWプール(out/pool),保留
1周目（seed SERP・KWP前）,永代祠堂料,,,SERP本文・関連検索,寺院への供養料の名目。墓の購入ではなく既存の檀家向け,,,新規,,除外
1周目（seed SERP・KWP前）,永代経,,,SERP本文・関連検索,浄土真宗の法要・お布施。宗教知識,1,お墓 見積もり 内訳,新規,,除外
1周目（seed SERP・KWP前）,開眼供養,,,SERP本文・関連検索,建てた後の儀式（納骨式・法要と同じ扱い）,18,お墓 生前購入 メリット / お墓 維持費 比較 / お墓 見積もり 内訳 / 一周忌 までに お墓 / 両家墓 / 実家の墓 遠い,新規,,除外
1周目（seed SERP・KWP前）,閉眼供養,,,SERP本文・関連検索,墓じまい・改葬時の儀式,10,お墓 維持費 比較 / お墓 見積もり 内訳 / 両家墓 / 夫婦墓 / 実家の墓 遠い / 寺院墓地 檀家 不要,新規,,除外
1周目（seed SERP・KWP前）,改葬許可証,,,SERP本文・関連検索,墓じまいの手続き書類,14,おひとりさま 永代供養 / 一人用 お墓 / 実家の墓 遠い / 室内墓所 / 寺院墓地 檀家 不要 / 屋内墓苑,新規,,除外
1周目（seed SERP・KWP前）,離檀,,,SERP本文・関連検索,墓じまい・寺との関係解消（墓じまいサービス寄り）,,,新規,,除外
1周目（seed SERP・KWP前）,墓じまい補助金制度,,,SERP本文・関連検索,墓じまいサービスそのもの,3,樹木葬 個別埋葬 期間 / 檀家にならない お墓 / 永代管理料,新規,,除外
1周目（seed SERP・KWP前）,浄縁墓,,,SERP本文・関連検索,特定事業者の商品名の可能性。確認できるまで出稿しない,3,ペット と 一緒に 入れる お墓 / 屋内墓苑 / 送迎バス 霊園,新規,,保留
1周目（seed SERP・KWP前）,立体埋蔵施設,,,SERP本文・関連検索,都立霊園の施設名（地域固有）。地域横展開枠で扱うべきか要確認,2,公営霊園 抽選 落ちた,新規,,保留
1周目（seed SERP・KWP前）,合葬埋蔵施設,,,SERP本文・関連検索,同上,3,公営霊園 抽選 落ちた / 公営霊園 申込資格 遺骨,新規,,保留
1周目（seed SERP・KWP前）,手元供養,,,SERP本文・関連検索,お墓を持たない供養。CVから遠い,18,お墓 四十九日 間に合う / お墓 維持費 比較 / お墓 見積もり 内訳 / 一人用 お墓 / 一周忌 までに お墓 / 合葬墓 費用,新規,,除外
1周目（seed SERP・KWP前）,海洋散骨,,,SERP本文・関連検索,お墓を持たない供養。CVから遠い,11,おひとりさま 永代供養 / 一周忌 までに お墓 / 公営霊園 抽選 落ちた / 墓石 なし お墓 / 承継者 いない 永代供養 / 樹木葬 個別埋葬 期間,新規,,除外
1周目（seed SERP・KWP前）,墓マイラー,,,SERP本文・関連検索,有名人の墓巡り。無関係,9,お墓 見学 チェックポイント / お墓 見積もり 内訳 / 公営霊園 抽選 落ちた / 合葬墓 費用 / 改葬 受け入れ 霊園 / 民営霊園 公営霊園 違い,新規,,除外
1周目（seed SERP・KWP前）,墓石加工,,,SERP本文・関連検索,依頼書の除外対象（墓石加工・彫刻）,3,民営霊園 公営霊園 違い / 生前墓 / 納骨堂 ロッカー式 費用,新規,,除外
